call_ea,guid_d1,guid_d2,guid_str,name,callee
0x24B5223E,0x2A3F4AB6,0x753A4A20,"CKGUID(0x2A3F4AB6,0x753A4A20)",Modulo,?RegisterOperationType@CKParameterManager@@QAEHUCKGUID@@PAD@Z
0x24B52256,0x5AF143AA,0x24751D48,"CKGUID(0x5AF143AA,0x24751D48)",Square Root,?RegisterOperationType@CKParameterManager@@QAEHUCKGUID@@PAD@Z
0x24B5226E,0x7EC428B2,0x5B8F0AD1,"CKGUID(0x7EC428B2,0x5B8F0AD1)",Sine,?RegisterOperationType@CKParameterManager@@QAEHUCKGUID@@PAD@Z
0x24B52286,0x4E9426C2,0x04E50E5F,"CKGUID(0x4E9426C2,0x04E50E5F)",Get Curve Point,?RegisterOperationType@CKParameterManager@@QAEHUCKGUID@@PAD@Z
0x24B5229E,0x51D66B9A,0x03514475,"CKGUID(0x51D66B9A,0x03514475)",Cosine,?RegisterOperationType@CKParameterManager@@QAEHUCKGUID@@PAD@Z
0x24B522B6,0x31E02E80,0x7475246B,"CKGUID(0x31E02E80,0x7475246B)",Tangent,?RegisterOperationType@CKParameterManager@@QAEHUCKGUID@@PAD@Z
0x24B522CE,0x30547441,0x611F682C,"CKGUID(0x30547441,0x611F682C)",Arc Tangent 2,?RegisterOperationType@CKParameterManager@@QAEHUCKGUID@@PAD@Z
0x24B522E6,0x07181CEF,0x4C632C22,"CKGUID(0x07181CEF,0x4C632C22)",Arc Sine,?RegisterOperationType@CKParameterManager@@QAEHUCKGUID@@PAD@Z
0x24B522FE,0x7EED1D16,0x345B7184,"CKGUID(0x7EED1D16,0x345B7184)",Arc Cosine,?RegisterOperationType@CKParameterManager@@QAEHUCKGUID@@PAD@Z
0x24B52316,0x33CC6B49,0x3589282B,"CKGUID(0x33CC6B49,0x3589282B)",Addition,?RegisterOperationType@CKParameterManager@@QAEHUCKGUID@@PAD@Z
0x24B5232E,0x67641171,0x6499077A,"CKGUID(0x67641171,0x6499077A)",Subtraction,?RegisterOperationType@CKParameterManager@@QAEHUCKGUID@@PAD@Z
0x24B52346,0x38996B85,0x334E35C2,"CKGUID(0x38996B85,0x334E35C2)",Multiplication,?RegisterOperationType@CKParameterManager@@QAEHUCKGUID@@PAD@Z
0x24B5235E,0x078D5EF5,0x0A012012,"CKGUID(0x078D5EF5,0x0A012012)",Spheric To Cartesian,?RegisterOperationType@CKParameterManager@@QAEHUCKGUID@@PAD@Z
0x24B52376,0x748C3502,0x0FEA0CF1,"CKGUID(0x748C3502,0x0FEA0CF1)",Division,?RegisterOperationType@CKParameterManager@@QAEHUCKGUID@@PAD@Z
0x24B5238E,0x74A36EF4,0x61262B24,"CKGUID(0x74A36EF4,0x61262B24)",Inferior,?RegisterOperationType@CKParameterManager@@QAEHUCKGUID@@PAD@Z
0x24B523A6,0x287F6201,0x7FC624CA,"CKGUID(0x287F6201,0x7FC624CA)",Inferior or Equal,?RegisterOperationType@CKParameterManager@@QAEHUCKGUID@@PAD@Z
0x24B523BE,0x7C2E01A8,0x6E702206,"CKGUID(0x7C2E01A8,0x6E702206)",Max,?RegisterOperationType@CKParameterManager@@QAEHUCKGUID@@PAD@Z
0x24B523D6,0x6EA214CB,0x43BE6B56,"CKGUID(0x6EA214CB,0x43BE6B56)",Min,?RegisterOperationType@CKParameterManager@@QAEHUCKGUID@@PAD@Z
0x24B523EE,0x6C62476B,0x7A922973,"CKGUID(0x6C62476B,0x7A922973)",Equal,?RegisterOperationType@CKParameterManager@@QAEHUCKGUID@@PAD@Z
0x24B52406,0xCF50ABBB,0x0B50A0C8,"CKGUID(0xCF50ABBB,0x0B50A0C8)",Not Equal,?RegisterOperationType@CKParameterManager@@QAEHUCKGUID@@PAD@Z
0x24B5241E,0x2F6E7455,0x5FB82AC8,"CKGUID(0x2F6E7455,0x5FB82AC8)",Is Active,?RegisterOperationType@CKParameterManager@@QAEHUCKGUID@@PAD@Z
0x24B52436,0x3DDA41E5,0x036C6833,"CKGUID(0x3DDA41E5,0x036C6833)",Is Content Equal,?RegisterOperationType@CKParameterManager@@QAEHUCKGUID@@PAD@Z
0x24B5244E,0x428009B4,0x1CAA5C78,"CKGUID(0x428009B4,0x1CAA5C78)",Convert,?RegisterOperationType@CKParameterManager@@QAEHUCKGUID@@PAD@Z
0x24B52466,0x48C20DEF,0xFECD00A1,"CKGUID(0x48C20DEF,0xFECD00A1)",Set X,?RegisterOperationType@CKParameterManager@@QAEHUCKGUID@@PAD@Z
0x24B5247E,0x48C20DEE,0xFEC200AF,"CKGUID(0x48C20DEE,0xFEC200AF)",Set Y,?RegisterOperationType@CKParameterManager@@QAEHUCKGUID@@PAD@Z
0x24B52496,0x48C20DED,0xFEC20DA1,"CKGUID(0x48C20DED,0xFEC20DA1)",Set Z,?RegisterOperationType@CKParameterManager@@QAEHUCKGUID@@PAD@Z
0x24B524AE,0x3E996C46,0x1637414A,"CKGUID(0x3E996C46,0x1637414A)",Set W,?RegisterOperationType@CKParameterManager@@QAEHUCKGUID@@PAD@Z
0x24B524C6,0x4DC46044,0x49206AEF,"CKGUID(0x4DC46044,0x49206AEF)",Set Width,?RegisterOperationType@CKParameterManager@@QAEHUCKGUID@@PAD@Z
0x24B524DE,0x043A1965,0x48561C3E,"CKGUID(0x043A1965,0x48561C3E)",Set Height,?RegisterOperationType@CKParameterManager@@QAEHUCKGUID@@PAD@Z
0x24B524F6,0x278F2E90,0x592B37FB,"CKGUID(0x278F2E90,0x592B37FB)",Set Left,?RegisterOperationType@CKParameterManager@@QAEHUCKGUID@@PAD@Z
0x24B5250E,0x258D7032,0x46DB1796,"CKGUID(0x258D7032,0x46DB1796)",Set Top,?RegisterOperationType@CKParameterManager@@QAEHUCKGUID@@PAD@Z
0x24B52526,0x0B8435E0,0x324C16F2,"CKGUID(0x0B8435E0,0x324C16F2)",Set Right,?RegisterOperationType@CKParameterManager@@QAEHUCKGUID@@PAD@Z
0x24B5253E,0x73983F3E,0x09FC1C6A,"CKGUID(0x73983F3E,0x09FC1C6A)",Set Bottom,?RegisterOperationType@CKParameterManager@@QAEHUCKGUID@@PAD@Z
0x24B52556,0x48CDCA00,0xFECDC5A0,"CKGUID(0x48CDCA00,0xFECDC5A0)",Set Red,?RegisterOperationType@CKParameterManager@@QAEHUCKGUID@@PAD@Z
0x24B5256E,0x48CDDA00,0xFECDD5A0,"CKGUID(0x48CDDA00,0xFECDD5A0)",Set Green,?RegisterOperationType@CKParameterManager@@QAEHUCKGUID@@PAD@Z
0x24B52586,0x48CDEA00,0xFECDE5A0,"CKGUID(0x48CDEA00,0xFECDE5A0)",Set Blue,?RegisterOperationType@CKParameterManager@@QAEHUCKGUID@@PAD@Z
0x24B5259E,0x48C10000,0xFEC100A0,"CKGUID(0x48C10000,0xFEC100A0)",Set Alpha,?RegisterOperationType@CKParameterManager@@QAEHUCKGUID@@PAD@Z
0x24B525B6,0x6A8C9874,0x7B2AA566,"CKGUID(0x6A8C9874,0x7B2AA566)",Set Geometric Center,?RegisterOperationType@CKParameterManager@@QAEHUCKGUID@@PAD@Z
0x24B525CE,0x49C100E0,0xFEB105A9,"CKGUID(0x49C100E0,0xFEB105A9)",Degre To Radian,?RegisterOperationType@CKParameterManager@@QAEHUCKGUID@@PAD@Z
0x24B525E6,0x47C10F00,0xFEC1B0A0,"CKGUID(0x47C10F00,0xFEC1B0A0)",Radian To Degre,?RegisterOperationType@CKParameterManager@@QAEHUCKGUID@@PAD@Z
0x24B525FE,0x12926657,0x6228322E,"CKGUID(0x12926657,0x6228322E)",Get X,?RegisterOperationType@CKParameterManager@@QAEHUCKGUID@@PAD@Z
0x24B52616,0x389F72BD,0x7AEF3482,"CKGUID(0x389F72BD,0x7AEF3482)",Get Y,?RegisterOperationType@CKParameterManager@@QAEHUCKGUID@@PAD@Z
0x24B5262E,0x093D5158,0x53EF47A0,"CKGUID(0x093D5158,0x53EF47A0)",Get Z,?RegisterOperationType@CKParameterManager@@QAEHUCKGUID@@PAD@Z
0x24B52646,0x098D8765,0x53EA46A0,"CKGUID(0x098D8765,0x53EA46A0)",Get W,?RegisterOperationType@CKParameterManager@@QAEHUCKGUID@@PAD@Z
0x24B5265E,0x12926111,0x6228122E,"CKGUID(0x12926111,0x6228122E)",Get Red,?RegisterOperationType@CKParameterManager@@QAEHUCKGUID@@PAD@Z
0x24B52676,0x389F7111,0x7AEF1482,"CKGUID(0x389F7111,0x7AEF1482)",Get Green,?RegisterOperationType@CKParameterManager@@QAEHUCKGUID@@PAD@Z
0x24B5268E,0x093D5111,0x53EF17A0,"CKGUID(0x093D5111,0x53EF17A0)",Get Blue,?RegisterOperationType@CKParameterManager@@QAEHUCKGUID@@PAD@Z
0x24B526A6,0x098D8111,0x53EA16A0,"CKGUID(0x098D8111,0x53EA16A0)",Get Alpha,?RegisterOperationType@CKParameterManager@@QAEHUCKGUID@@PAD@Z
0x24B526BE,0x3DCB6039,0x7B744E45,"CKGUID(0x3DCB6039,0x7B744E45)",Random,?RegisterOperationType@CKParameterManager@@QAEHUCKGUID@@PAD@Z
0x24B526D6,0x4A450980,0x6B230426,"CKGUID(0x4A450980,0x6B230426)",And,?RegisterOperationType@CKParameterManager@@QAEHUCKGUID@@PAD@Z
0x24B526EE,0x26D81CC1,0x340273B0,"CKGUID(0x26D81CC1,0x340273B0)",Or,?RegisterOperationType@CKParameterManager@@QAEHUCKGUID@@PAD@Z
0x24B52706,0x014405EB,0x2E087EEC,"CKGUID(0x014405EB,0x2E087EEC)",Xor,?RegisterOperationType@CKParameterManager@@QAEHUCKGUID@@PAD@Z
0x24B5271E,0x0E5C02E8,0x3AAD7BB8,"CKGUID(0x0E5C02E8,0x3AAD7BB8)",Not,?RegisterOperationType@CKParameterManager@@QAEHUCKGUID@@PAD@Z
0x24B52736,0x7C27550B,0x32A32E99,"CKGUID(0x7C27550B,0x32A32E99)",Inverse,?RegisterOperationType@CKParameterManager@@QAEHUCKGUID@@PAD@Z
0x24B5274E,0x5939156E,0x62AB3472,"CKGUID(0x5939156E,0x62AB3472)",Get Name,?RegisterOperationType@CKParameterManager@@QAEHUCKGUID@@PAD@Z
0x24B52766,0x4EE13D44,0x0A2C0241,"CKGUID(0x4EE13D44,0x0A2C0241)",Get ID,?RegisterOperationType@CKParameterManager@@QAEHUCKGUID@@PAD@Z
0x24B5277E,0x2B554B23,0x69B22A72,"CKGUID(0x2B554B23,0x69B22A72)",Get Column Count,?RegisterOperationType@CKParameterManager@@QAEHUCKGUID@@PAD@Z
0x24B52796,0xFB556B23,0x69B22A75,"CKGUID(0xFB556B23,0x69B22A75)",Get Row Count,?RegisterOperationType@CKParameterManager@@QAEHUCKGUID@@PAD@Z
0x24B527AE,0x599203F6,0x23B06096,"CKGUID(0x599203F6,0x23B06096)",Get Object By Name,?RegisterOperationType@CKParameterManager@@QAEHUCKGUID@@PAD@Z
0x24B527C6,0x6A8C4838,0x7B026566,"CKGUID(0x6A8C4838,0x7B026566)",Get Geometric Center,?RegisterOperationType@CKParameterManager@@QAEHUCKGUID@@PAD@Z
0x24B527DE,0x31A7649F,0x305E5164,"CKGUID(0x31A7649F,0x305E5164)",Get Bounding Box,?RegisterOperationType@CKParameterManager@@QAEHUCKGUID@@PAD@Z
0x24B527F6,0x31A764AF,0x305E5165,"CKGUID(0x31A764AF,0x305E5165)",Get Hierarchical Bounding Box,?RegisterOperationType@CKParameterManager@@QAEHUCKGUID@@PAD@Z
0x24B5280E,0x0F9E20CC,0x6EA10A47,"CKGUID(0x0F9E20CC,0x6EA10A47)",Get Diffuse Color,?RegisterOperationType@CKParameterManager@@QAEHUCKGUID@@PAD@Z
0x24B52826,0x62280787,0x1E5A3CB9,"CKGUID(0x62280787,0x1E5A3CB9)",Get Ambient Color,?RegisterOperationType@CKParameterManager@@QAEHUCKGUID@@PAD@Z
0x24B5283E,0x5C7D536D,0x439E65E3,"CKGUID(0x5C7D536D,0x439E65E3)",Get Specular Color,?RegisterOperationType@CKParameterManager@@QAEHUCKGUID@@PAD@Z
0x24B52856,0x1DDB48EF,0x0ADB4EAE,"CKGUID(0x1DDB48EF,0x0ADB4EAE)",Get Specular Color Power,?RegisterOperationType@CKParameterManager@@QAEHUCKGUID@@PAD@Z
0x24B5286E,0x13684596,0x0AB57F34,"CKGUID(0x13684596,0x0AB57F34)",Get Emissive Color,?RegisterOperationType@CKParameterManager@@QAEHUCKGUID@@PAD@Z
0x24B52886,0x0F9E4F74,0x0D14175E,"CKGUID(0x0F9E4F74,0x0D14175E)",Get Texture,?RegisterOperationType@CKParameterManager@@QAEHUCKGUID@@PAD@Z
0x24B5289E,0x5A4E13FE,0x628B7CA2,"CKGUID(0x5A4E13FE,0x628B7CA2)",Get Width,?RegisterOperationType@CKParameterManager@@QAEHUCKGUID@@PAD@Z
0x24B528B6,0x37F9040E,0x52C05C4E,"CKGUID(0x37F9040E,0x52C05C4E)",Get Height,?RegisterOperationType@CKParameterManager@@QAEHUCKGUID@@PAD@Z
0x24B528CE,0x05841A08,0x3ADC7B84,"CKGUID(0x05841A08,0x3ADC7B84)",Get Slot Count,?RegisterOperationType@CKParameterManager@@QAEHUCKGUID@@PAD@Z
0x24B528E6,0x6B8C78BD,0x7B846D3C,"CKGUID(0x6B8C78BD,0x7B846D3C)",Get Material,?RegisterOperationType@CKParameterManager@@QAEHUCKGUID@@PAD@Z
0x24B528FE,0x5BF9718F,0x030B698C,"CKGUID(0x5BF9718F,0x030B698C)",Get Parent,?RegisterOperationType@CKParameterManager@@QAEHUCKGUID@@PAD@Z
0x24B52916,0x0DD635D5,0x47E62A28,"CKGUID(0x0DD635D5,0x47E62A28)",Get Children,?RegisterOperationType@CKParameterManager@@QAEHUCKGUID@@PAD@Z
0x24B5292E,0x6B603781,0x47607025,"CKGUID(0x6B603781,0x47607025)",Get Referentiel Place,?RegisterOperationType@CKParameterManager@@QAEHUCKGUID@@PAD@Z
0x24B52946,0x265C7D00,0x5C8F1702,"CKGUID(0x265C7D00,0x5C8F1702)",Get Distance,?RegisterOperationType@CKParameterManager@@QAEHUCKGUID@@PAD@Z
0x24B5295E,0x66AE6C61,0x038658E8,"CKGUID(0x66AE6C61,0x038658E8)",Is Collision,?RegisterOperationType@CKParameterManager@@QAEHUCKGUID@@PAD@Z
0x24B52976,0x472851BA,0x5CCC2831,"CKGUID(0x472851BA,0x5CCC2831)",Get World Matrix,?RegisterOperationType@CKParameterManager@@QAEHUCKGUID@@PAD@Z
0x24B5298E,0x14A024C7,0x050D4228,"CKGUID(0x14A024C7,0x050D4228)",Get Local Matrix,?RegisterOperationType@CKParameterManager@@QAEHUCKGUID@@PAD@Z
0x24B529A6,0x4E3309DE,0x5DE92367,"CKGUID(0x4E3309DE,0x5DE92367)",Get Target,?RegisterOperationType@CKParameterManager@@QAEHUCKGUID@@PAD@Z
0x24B529BE,0x028E497B,0x3DB86786,"CKGUID(0x028E497B,0x3DB86786)",Pick Object,?RegisterOperationType@CKParameterManager@@QAEHUCKGUID@@PAD@Z
0x24B529D6,0x0D2929E5,0x66F121DE,"CKGUID(0x0D2929E5,0x66F121DE)",Get Range,?RegisterOperationType@CKParameterManager@@QAEHUCKGUID@@PAD@Z
0x24B529EE,0x55BA1216,0x1C255F06,"CKGUID(0x55BA1216,0x1C255F06)",Get Field Of View,?RegisterOperationType@CKParameterManager@@QAEHUCKGUID@@PAD@Z
0x24B52A06,0x12BAAF11,0x2CD5CC09,"CKGUID(0x12BAAF11,0x2CD5CC09)",Get Near Clip,?RegisterOperationType@CKParameterManager@@QAEHUCKGUID@@PAD@Z
0x24B52A1E,0x15B5FA12,0xCA255F92,"CKGUID(0x15B5FA12,0xCA255F92)",Get Far Clip,?RegisterOperationType@CKParameterManager@@QAEHUCKGUID@@PAD@Z
0x24B52A36,0x55BA9574,0x13469F06,"CKGUID(0x55BA9574,0x13469F06)",Get Orthographic Zoom,?RegisterOperationType@CKParameterManager@@QAEHUCKGUID@@PAD@Z
0x24B52A4E,0x07FD40BE,0x375C1CCF,"CKGUID(0x07FD40BE,0x375C1CCF)",Get Character,?RegisterOperationType@CKParameterManager@@QAEHUCKGUID@@PAD@Z
0x24B52A66,0x1E705297,0x352407B6,"CKGUID(0x1E705297,0x352407B6)",Get Animation,?RegisterOperationType@CKParameterManager@@QAEHUCKGUID@@PAD@Z
0x24B52A7E,0x1E705297,0x352407AA,"CKGUID(0x1E705297,0x352407AA)",Get Animation Count,?RegisterOperationType@CKParameterManager@@QAEHUCKGUID@@PAD@Z
0x24B52A96,0x28EE420C,0x5AD223E7,"CKGUID(0x28EE420C,0x5AD223E7)",Get Root,?RegisterOperationType@CKParameterManager@@QAEHUCKGUID@@PAD@Z
0x24B52AAE,0x5A605A7F,0x2DC05974,"CKGUID(0x5A605A7F,0x2DC05974)",Get BodyParts,?RegisterOperationType@CKParameterManager@@QAEHUCKGUID@@PAD@Z
0x24B52AC6,0x770C1332,0x49861D5B,"CKGUID(0x770C1332,0x49861D5B)",Get Kinematic Chain,?RegisterOperationType@CKParameterManager@@QAEHUCKGUID@@PAD@Z
0x24B52ADE,0x556A69AF,0x076E3F09,"CKGUID(0x556A69AF,0x076E3F09)",Get Length,?RegisterOperationType@CKParameterManager@@QAEHUCKGUID@@PAD@Z
0x24B52AF6,0x61323B67,0x3A282F1C,"CKGUID(0x61323B67,0x3A282F1C)",Get Curve Position,?RegisterOperationType@CKParameterManager@@QAEHUCKGUID@@PAD@Z
0x24B52B0E,0x54BA6299,0x51BF236D,"CKGUID(0x54BA6299,0x51BF236D)",Get Curve Tangent,?RegisterOperationType@CKParameterManager@@QAEHUCKGUID@@PAD@Z
0x24B52B26,0x429C3FF2,0x0E4A4938,"CKGUID(0x429C3FF2,0x0E4A4938)",Get Group Type,?RegisterOperationType@CKParameterManager@@QAEHUCKGUID@@PAD@Z
0x24B52B3E,0x764E2B8B,0x6B430BAF,"CKGUID(0x764E2B8B,0x6B430BAF)",Get Text,?RegisterOperationType@CKParameterManager@@QAEHUCKGUID@@PAD@Z
0x24B52B56,0x54F52B51,0x564C4812,"CKGUID(0x54F52B51,0x564C4812)",Get Size,?RegisterOperationType@CKParameterManager@@QAEHUCKGUID@@PAD@Z
0x24B52B6E,0x35AA0DDB,0x7A5E3335,"CKGUID(0x35AA0DDB,0x7A5E3335)",Get Type,?RegisterOperationType@CKParameterManager@@QAEHUCKGUID@@PAD@Z
0x24B52B86,0x75445DF6,0x3570366B,"CKGUID(0x75445DF6,0x3570366B)",Get Color,?RegisterOperationType@CKParameterManager@@QAEHUCKGUID@@PAD@Z
0x24B52B9E,0x4BC87AEA,0x6B5B643E,"CKGUID(0x4BC87AEA,0x6B5B643E)",Get Position,?RegisterOperationType@CKParameterManager@@QAEHUCKGUID@@PAD@Z
0x24B52BB6,0x4FAA099F,0x2DCC48A5,"CKGUID(0x4FAA099F,0x2DCC48A5)",Get Euler Angles,?RegisterOperationType@CKParameterManager@@QAEHUCKGUID@@PAD@Z
0x24B52BCE,0x35EA4F7A,0x631B0CA0,"CKGUID(0x35EA4F7A,0x631B0CA0)",Get Matrix,?RegisterOperationType@CKParameterManager@@QAEHUCKGUID@@PAD@Z
0x24B52BE6,0x48C20DED,0xFED12252,"CKGUID(0x48C20DED,0xFED12252)",Get Dir,?RegisterOperationType@CKParameterManager@@QAEHUCKGUID@@PAD@Z
0x24B52BFE,0x48C20DED,0xFED12457,"CKGUID(0x48C20DED,0xFED12457)",Get Up,?RegisterOperationType@CKParameterManager@@QAEHUCKGUID@@PAD@Z
0x24B52C16,0x48C20DED,0xF15A5781,"CKGUID(0x48C20DED,0xF15A5781)",Get Right,?RegisterOperationType@CKParameterManager@@QAEHUCKGUID@@PAD@Z
0x24B52C2E,0x660F5C52,0x0ADF7BE9,"CKGUID(0x660F5C52,0x0ADF7BE9)",Get Element,?RegisterOperationType@CKParameterManager@@QAEHUCKGUID@@PAD@Z
0x24B52C46,0x0AE164FF,0x3A735FE9,"CKGUID(0x0AE164FF,0x3A735FE9)",Get Radius,?RegisterOperationType@CKParameterManager@@QAEHUCKGUID@@PAD@Z
0x24B52C5E,0x44DF6F61,0x5F8F55C8,"CKGUID(0x44DF6F61,0x5F8F55C8)",Get Count,?RegisterOperationType@CKParameterManager@@QAEHUCKGUID@@PAD@Z
0x24B52C76,0x3BE05DF3,0x143A49E0,"CKGUID(0x3BE05DF3,0x143A49E0)",Cross Product,?RegisterOperationType@CKParameterManager@@QAEHUCKGUID@@PAD@Z
0x24B52C8E,0x229F54E2,0x751350BD,"CKGUID(0x229F54E2,0x751350BD)",Dot Product,?RegisterOperationType@CKParameterManager@@QAEHUCKGUID@@PAD@Z
0x24B52CA6,0x2225467A,0x295E223C,"CKGUID(0x2225467A,0x295E223C)",Get Screen Origin,?RegisterOperationType@CKParameterManager@@QAEHUCKGUID@@PAD@Z
0x24B52CBE,0x05B92E50,0x5FC91D82,"CKGUID(0x05B92E50,0x5FC91D82)",Superior,?RegisterOperationType@CKParameterManager@@QAEHUCKGUID@@PAD@Z
0x24B52CD6,0x16581103,0x0A1977BB,"CKGUID(0x16581103,0x0A1977BB)",Superior or Equal,?RegisterOperationType@CKParameterManager@@QAEHUCKGUID@@PAD@Z
0x24B52CEE,0x6AB94F5A,0x1A6376A9,"CKGUID(0x6AB94F5A,0x1A6376A9)",Is Derived From,?RegisterOperationType@CKParameterManager@@QAEHUCKGUID@@PAD@Z
0x24B52D06,0x0A547387,0x410851AF,"CKGUID(0x0A547387,0x410851AF)",Is Visible,?RegisterOperationType@CKParameterManager@@QAEHUCKGUID@@PAD@Z
0x24B52D1E,0x599C2CB6,0x3E7D4DE8,"CKGUID(0x599C2CB6,0x3E7D4DE8)",Opposite,?RegisterOperationType@CKParameterManager@@QAEHUCKGUID@@PAD@Z
0x24B52D36,0x48CDFA00,0xFECDF5A0,"CKGUID(0x48CDFA00,0xFECDF5A0)",Rainbow Color,?RegisterOperationType@CKParameterManager@@QAEHUCKGUID@@PAD@Z
0x24B52D4E,0x48C20000,0xFEC200A0,"CKGUID(0x48C20000,0xFEC200A0)",Get Angle,?RegisterOperationType@CKParameterManager@@QAEHUCKGUID@@PAD@Z
0x24B52D66,0x35CC27A6,0x25D2209D,"CKGUID(0x35CC27A6,0x25D2209D)",Normalize,?RegisterOperationType@CKParameterManager@@QAEHUCKGUID@@PAD@Z
0x24B52D7E,0x538727E4,0x1FC54E78,"CKGUID(0x538727E4,0x1FC54E78)",Reflect,?RegisterOperationType@CKParameterManager@@QAEHUCKGUID@@PAD@Z
0x24B52D96,0x1ADA7470,0x62097629,"CKGUID(0x1ADA7470,0x62097629)",Absolute Value,?RegisterOperationType@CKParameterManager@@QAEHUCKGUID@@PAD@Z
0x24B52DAE,0x540E1450,0x593F1692,"CKGUID(0x540E1450,0x593F1692)",Is In,?RegisterOperationType@CKParameterManager@@QAEHUCKGUID@@PAD@Z
0x24B52DC6,0x6A5C5061,0x5EFE7428,"CKGUID(0x6A5C5061,0x5EFE7428)",Get Current,?RegisterOperationType@CKParameterManager@@QAEHUCKGUID@@PAD@Z
0x24B52DDE,0x68FD46F9,0x26E07E46,"CKGUID(0x68FD46F9,0x26E07E46)",Get Magnitude,?RegisterOperationType@CKParameterManager@@QAEHUCKGUID@@PAD@Z
0x24B52DF6,0x25991E7E,0x32CC55E7,"CKGUID(0x25991E7E,0x32CC55E7)",Get Scale,?RegisterOperationType@CKParameterManager@@QAEHUCKGUID@@PAD@Z
0x24B52E0E,0x513666B8,0x24FB34CF,"CKGUID(0x513666B8,0x24FB34CF)",Get BodyPart,?RegisterOperationType@CKParameterManager@@QAEHUCKGUID@@PAD@Z
0x24B52E26,0x5E866012,0x5860306D,"CKGUID(0x5E866012,0x5860306D)",Contain String,?RegisterOperationType@CKParameterManager@@QAEHUCKGUID@@PAD@Z
0x24B52E3E,0x551C20BA,0x20DA6D50,"CKGUID(0x551C20BA,0x20DA6D50)",Get Script Count,?RegisterOperationType@CKParameterManager@@QAEHUCKGUID@@PAD@Z
0x24B52E56,0x250020D4,0x10D51B91,"CKGUID(0x250020D4,0x10D51B91)",Get Script,?RegisterOperationType@CKParameterManager@@QAEHUCKGUID@@PAD@Z
0x24B52E6E,0x2A143038,0x03D126B9,"CKGUID(0x2A143038,0x03D126B9)",Get View Rect,?RegisterOperationType@CKParameterManager@@QAEHUCKGUID@@PAD@Z
0x24B52E86,0x08333942,0x00973FD1,"CKGUID(0x08333942,0x00973FD1)",Is Child Of,?RegisterOperationType@CKParameterManager@@QAEHUCKGUID@@PAD@Z
0x24B52E9E,0x4E084898,0x52E37010,"CKGUID(0x4E084898,0x52E37010)",Is Body Part Of,?RegisterOperationType@CKParameterManager@@QAEHUCKGUID@@PAD@Z
0x24B52EB6,0x38865F64,0x5EC70752,"CKGUID(0x38865F64,0x5EC70752)",Transform,?RegisterOperationType@CKParameterManager@@QAEHUCKGUID@@PAD@Z
0x24B52ECE,0x5FD15589,0x6652037F,"CKGUID(0x5FD15589,0x6652037F)",Transform Vector,?RegisterOperationType@CKParameterManager@@QAEHUCKGUID@@PAD@Z
0x24B52EE6,0x09AE53F3,0x0DC769D6,"CKGUID(0x09AE53F3,0x0DC769D6)",Inverse Transform,?RegisterOperationType@CKParameterManager@@QAEHUCKGUID@@PAD@Z
0x24B52EFE,0x72213B67,0x52FB2B56,"CKGUID(0x72213B67,0x52FB2B56)",Inverse Transform Vector,?RegisterOperationType@CKParameterManager@@QAEHUCKGUID@@PAD@Z
0x24B52F16,0x39697E76,0x538376EC,"CKGUID(0x39697E76,0x538376EC)",Dynamic Cast,?RegisterOperationType@CKParameterManager@@QAEHUCKGUID@@PAD@Z
0x24B52F2E,0x2E3D0A30,0x0CB14B58,"CKGUID(0x2E3D0A30,0x0CB14B58)",Symmetry,?RegisterOperationType@CKParameterManager@@QAEHUCKGUID@@PAD@Z
0x24B52F46,0x7EF97C3D,0x74453060,"CKGUID(0x7EF97C3D,0x74453060)",Get Mesh List,?RegisterOperationType@CKParameterManager@@QAEHUCKGUID@@PAD@Z
0x24B52F5E,0x765F7AA3,0x33D679B2,"CKGUID(0x765F7AA3,0x33D679B2)",Get Material List,?RegisterOperationType@CKParameterManager@@QAEHUCKGUID@@PAD@Z
0x24B52F76,0x7370134F,0x004621C6,"CKGUID(0x7370134F,0x004621C6)",Get Aspect Ratio,?RegisterOperationType@CKParameterManager@@QAEHUCKGUID@@PAD@Z
0x24B52F8E,0x7A140F0B,0x583817F9,"CKGUID(0x7A140F0B,0x583817F9)",Get Vertex Count,?RegisterOperationType@CKParameterManager@@QAEHUCKGUID@@PAD@Z
0x24B52FA6,0x451764E4,0x7DED068D,"CKGUID(0x451764E4,0x7DED068D)",Get Vertex Color,?RegisterOperationType@CKParameterManager@@QAEHUCKGUID@@PAD@Z
0x24B52FBE,0x38FA7EBA,0x06CB3FF2,"CKGUID(0x38FA7EBA,0x06CB3FF2)",Get Vertex Position,?RegisterOperationType@CKParameterManager@@QAEHUCKGUID@@PAD@Z
0x24B52FD6,0x06A76830,0x4F9A7603,"CKGUID(0x06A76830,0x4F9A7603)",Get Vertex Specular Color,?RegisterOperationType@CKParameterManager@@QAEHUCKGUID@@PAD@Z
0x24B52FEE,0x3ABB7401,0x60923471,"CKGUID(0x3ABB7401,0x60923471)",Get Vertex Normal,?RegisterOperationType@CKParameterManager@@QAEHUCKGUID@@PAD@Z
0x24B53006,0x6AD14794,0x24C068FD,"CKGUID(0x6AD14794,0x24C068FD)",Get Vertex UVs,?RegisterOperationType@CKParameterManager@@QAEHUCKGUID@@PAD@Z
0x24B5301E,0x153768E3,0x5F576A09,"CKGUID(0x153768E3,0x5F576A09)",Get Material Count,?RegisterOperationType@CKParameterManager@@QAEHUCKGUID@@PAD@Z
0x24B53036,0x3DB9075C,0x7718126F,"CKGUID(0x3DB9075C,0x7718126F)",Get Channel Count,?RegisterOperationType@CKParameterManager@@QAEHUCKGUID@@PAD@Z
0x24B5304E,0x73F70725,0x39247024,"CKGUID(0x73F70725,0x39247024)",Get Channel By Material,?RegisterOperationType@CKParameterManager@@QAEHUCKGUID@@PAD@Z
0x24B53066,0x011174F4,0x42985ACB,"CKGUID(0x011174F4,0x42985ACB)",Get Face Count,?RegisterOperationType@CKParameterManager@@QAEHUCKGUID@@PAD@Z
0x24B5307E,0x011244F4,0x42985ACB,"CKGUID(0x011244F4,0x42985ACB)",Get PM Rendered Vertices Count,?RegisterOperationType@CKParameterManager@@QAEHUCKGUID@@PAD@Z
0x24B53096,0x38851EB5,0x1848668B,"CKGUID(0x38851EB5,0x1848668B)",Get Face Material,?RegisterOperationType@CKParameterManager@@QAEHUCKGUID@@PAD@Z
0x24B530AE,0x584E0516,0x04AE72AD,"CKGUID(0x584E0516,0x04AE72AD)",Get Face Normal,?RegisterOperationType@CKParameterManager@@QAEHUCKGUID@@PAD@Z
0x24B530C6,0x1E0613BE,0x7C6004B0,"CKGUID(0x1E0613BE,0x7C6004B0)",Get Face Vertex Indices,?RegisterOperationType@CKParameterManager@@QAEHUCKGUID@@PAD@Z
0x24B530DE,0x3E151DBC,0x4B1036B2,"CKGUID(0x3E151DBC,0x4B1036B2)",Get Vertex Weight,?RegisterOperationType@CKParameterManager@@QAEHUCKGUID@@PAD@Z
0x24B530F6,0x1B6253AD,0x65F35D88,"CKGUID(0x1B6253AD,0x65F35D88)",From Rotation,?RegisterOperationType@CKParameterManager@@QAEHUCKGUID@@PAD@Z
0x24B5310E,0x38BC419A,0x7FFF0707,"CKGUID(0x38BC419A,0x7FFF0707)",Get Portals,?RegisterOperationType@CKParameterManager@@QAEHUCKGUID@@PAD@Z
0x24B53126,0x33A2705A,0x3CF97C32,"CKGUID(0x33A2705A,0x3CF97C32)",Get Played Time,?RegisterOperationType@CKParameterManager@@QAEHUCKGUID@@PAD@Z
0x24B5313E,0x49E832A5,0x58E8612C,"CKGUID(0x49E832A5,0x58E8612C)",Get Sound file Name,?RegisterOperationType@CKParameterManager@@QAEHUCKGUID@@PAD@Z
0x24B53156,0x4B600CE3,0xF0526471,"CKGUID(0x4B600CE3,0xF0526471)",Get Sampling Rate,?RegisterOperationType@CKParameterManager@@QAEHUCKGUID@@PAD@Z
0x24B5316E,0x383B2C54,0x5BFF28CB,"CKGUID(0x383B2C54,0x5BFF28CB)",Get Pitch,?RegisterOperationType@CKParameterManager@@QAEHUCKGUID@@PAD@Z
0x24B53186,0x144C1161,0x0AB87CB4,"CKGUID(0x144C1161,0x0AB87CB4)",Get Gain,?RegisterOperationType@CKParameterManager@@QAEHUCKGUID@@PAD@Z
0x24B5319E,0x1B584B4D,0x7DB27422,"CKGUID(0x1B584B4D,0x7DB27422)",Is Looping,?RegisterOperationType@CKParameterManager@@QAEHUCKGUID@@PAD@Z
0x24B531B6,0x5AC136BE,0x6FD04A75,"CKGUID(0x5AC136BE,0x6FD04A75)",Is Streaming,?RegisterOperationType@CKParameterManager@@QAEHUCKGUID@@PAD@Z
0x24B531CE,0x026D192C,0x1DAB270E,"CKGUID(0x026D192C,0x1DAB270E)",Is Playing,?RegisterOperationType@CKParameterManager@@QAEHUCKGUID@@PAD@Z
0x24B531E6,0x11483B48,0x60642931,"CKGUID(0x11483B48,0x60642931)",Is Paused,?RegisterOperationType@CKParameterManager@@QAEHUCKGUID@@PAD@Z
0x24B531FE,0x40F22EAE,0x75D53DA0,"CKGUID(0x40F22EAE,0x75D53DA0)",Get Pan,?RegisterOperationType@CKParameterManager@@QAEHUCKGUID@@PAD@Z
0x24B53216,0x0D5B2865,0x4D5F7DF7,"CKGUID(0x0D5B2865,0x4D5F7DF7)",Get Relative Position,?RegisterOperationType@CKParameterManager@@QAEHUCKGUID@@PAD@Z
0x24B5322E,0x54CC3C64,0x55BF239C,"CKGUID(0x54CC3C64,0x55BF239C)",Get Relative Direction,?RegisterOperationType@CKParameterManager@@QAEHUCKGUID@@PAD@Z
0x24B53246,0x2DA46F8F,0x33643C47,"CKGUID(0x2DA46F8F,0x33643C47)",Get Cone,?RegisterOperationType@CKParameterManager@@QAEHUCKGUID@@PAD@Z
0x24B5325E,0x3DE17F0E,0x5A1C1FE3,"CKGUID(0x3DE17F0E,0x5A1C1FE3)",Get Min Max,?RegisterOperationType@CKParameterManager@@QAEHUCKGUID@@PAD@Z
0x24B53276,0x339F17A4,0x6C925668,"CKGUID(0x339F17A4,0x6C925668)",Get Velocity,?RegisterOperationType@CKParameterManager@@QAEHUCKGUID@@PAD@Z
0x24B5328E,0x55906EBE,0x2F961CB9,"CKGUID(0x55906EBE,0x2F961CB9)",Get Bottom-Right Corner,?RegisterOperationType@CKParameterManager@@QAEHUCKGUID@@PAD@Z
0x24B532A6,0x68EC3C11,0x41F36A69,"CKGUID(0x68EC3C11,0x41F36A69)",Per Second,?RegisterOperationType@CKParameterManager@@QAEHUCKGUID@@PAD@Z
0x24B532BE,0x48C20DED,0xFEC20DA4,"CKGUID(0x48C20DED,0xFEC20DA4)",Set Position,?RegisterOperationType@CKParameterManager@@QAEHUCKGUID@@PAD@Z
0x24B532D6,0x19016E82,0x13EA0F10,"CKGUID(0x19016E82,0x13EA0F10)",Get In Tangent,?RegisterOperationType@CKParameterManager@@QAEHUCKGUID@@PAD@Z
0x24B532EE,0xABC16E82,0x73EF6952,"CKGUID(0xABC16E82,0x73EF6952)",Get Out Tangent,?RegisterOperationType@CKParameterManager@@QAEHUCKGUID@@PAD@Z
